{
  "general_roles": "test\npuplic roles",
  "rare_roles": "**\n<:emoji_56:1279157745433710592>__Vip S = 350m__\n\n<:emoji_56:1279157745433710592>النشر بكل الرومات مع امكانيه نشر صور\n<:emoji_56:1279157745433710592>نشر كل ساعه بروم Vip\n<:emoji_56:1279157745433710592>المنشن افري ون مره اليوم بروم Vip\n<:emoji_56:1279157745433710592>منشور مميز هير كل اسبوع مجانا\n\n<:emoji_56:1279157745433710592>__Redbull S = 750M__\n\n<:emoji_56:1279157745433710592>النشر بكل الرومات مع امكانية نشر صور\n<:emoji_56:1279157745433710592>نشر كل ساعة بروم Vip\n<:emoji_56:1279157745433710592>مسموحلك تمنشن ايفري ون مرتين باليوم بروم Vip\n<:emoji_56:1279157745433710592>منشور مميز هير كل 4 ايام مجانا\n<:emoji_56:1279157745433710592>خصم 30% على الاعلانات \" ما عدا اعلانات الي فيها قيف اوايات \"\n            \n<:emoji_56:1279157745433710592>__Pro S = 1.5b__\n\n<:emoji_56:1279157745433710592>النشر بكل الرومات مع امكانية نشر صور \n<:emoji_56:1279157745433710592>نشر كل ساعة بروم Vip\n<:emoji_56:1279157745433710592>مسموحلك منشن ايفري ون كل 4 ساعات بروم Vip\n<:emoji_56:1279157745433710592>منشور مميز كل يومين مجانا          \n<:emoji_56:1279157745433710592>خصم 50% على الاعلانات \" ما عدا اعلانات الي فيها قيف اوايات \"\n<:emoji_56:1279157745433710592>عند شرائك الرتبه تقدر تسوي رتبة بالاسم و الون الي تبيه\n<:emoji_56:1279157745433710592>خصم 25% على الرومات الخاصه \n<:emoji_56:1279157745433710592>روم خاصه أسبوعين كل شهر\n  \n  ملاحظات :\n  - لطلب رتبة يرجى التواصل مع : <#1213228749500456980> \n  - التحويل لـ : <@714572286807638147>\n  - اذا قمت بالتحويل لأحد غير الحساب المذكور أعلاه فلن يتم تسليمك الرتبة و لن نتحمل المسؤولية \n  **",
  "private_rooms": "**Private S = 2,000,000\n                                  \n  روم باسمك                               \n  نشر كل ساعة مع صلاحية رفع الصور و منشن هير\n   \n  ملاحظات :\n- مسموح الطلب والبيع داخل الروم الخاص\n- قوانين الرومات الخاصه نفس قوانين البائعين \n- في حال مخالفة قانون = انهاء الروم ، تكرار = حذف الروم\n- لطلب روم يرجى التواصل مع : <#1213228749500456980>\n- التحويل لـ : <@714572286807638147>\n- اذا قمت بالتحويل لأحد غير الحساب المذكور أعلاه فلن يتم تسليمك و لن نتحمل المسؤولية    \n  **",
  "addons": "**\n  Warn 25% = 150,000\n  Warn 25% + Warn 50% = 500,000\n  ملاحظة : عند وصولك للوارن 100% ممنوع ينشال نهائي\n  \n  Trust S : بائع و تجيب 25 عملية بيع\n  بعد ما تجيب العمليات حياك <#1213228749500456980>\n  ملاحظة : هاد الشي لا يعني انه موثوق ولا نضمنه , فقط انه عنده عمليات بيع لا اكثر ولا اقل\n  \n  Order : بائع و تروح لروم  <#1213228680453689424> و تضغط رياكشن\n  ملاحظة : فقط عشان تشوف رومات الطلبات\n  \n  Partner : تكون بارتنر مع سيرفرنا , البارتنر مغلق حاليا\n  \n  Friend : تكون صديق احد الاونرات\n  \n  Special : تكون مميز بالسيرفر\n  \n  Boost : سوي بوست للسيرفر و تاخدها تلقائيا\n  **",
  "featured_posts": "**Mention Here | منشن هير\n 3,000,000 Credits\n                      \nMention Everyone | منشن ايفريون\n 5,000,000 Credits\n  \n  ملاحظات :\n\n- ممنوع بيع كردت او طلب كردت\n- ممنوع بيع او طلب عملة حقيقه مثل دولار مقابل كردت او العكس\n- ممنوع طلب او بيع رصيد ( فودافون كاش , اسيا , سوا , الخ  )\n- ممنوع طلب او بيع اي شي +18\n- ممنوع طلب او بيع الادوات او البرامج\n- ممنوع بيع طريقة تكون موجودة على اليوتيوب\n- ممنوع طلب او بيع طرق كردت/نيترو  بجميع اشكالها \n- ممنوع طلب اعضاء او بارتنر \n- ممنوع طلب او بيع فيزات\n- لا يمكنك تعديل المنشور بعد اتمام النشر \n- لطلب منشور يرجى التواصل مع : <#1213228749500456980>\n- التحويل لـ : <@714572286807638147>\n- اذا قمت بالتحويل لأحد غير الحساب المذكور أعلاه فلن يتم تسليمك و لن نتحمل المسؤولية   \n  **",
  "announcements": "**\n  **\nNo Mention | إعلان بدون منشن\n2.4 M <a:6_:1220541190076895263>  Or 6 EGP <:vodafone:1220541303578951712>   Or 1$ <:PAYPAL:1220541029367676979> \n\nHere | إعلان منشن هير \n4.8 M <a:6_:1220541190076895263> Or 12 EGP <:vodafone:1220541303578951712>   Or 2$ <:PAYPAL:1220541029367676979> \n\nEveryone | إعلان منشن ايفري\n10.6 M <a:6_:1220541190076895263>  Or 20 EGP <:vodafone:1220541303578951712>   Or 3$ <:PAYPAL:1220541029367676979> \n\nAds Gifts | إعلان بروم هدايا مع جيفواي لمدة ثلاث ايام \n14.5 M <a:6_:1220541190076895263>  Or 60 EGP <:vodafone:1220541303578951712>   Or 6$ <:PAYPAL:1220541029367676979> \n\nPrivate Channel Without Giveaway | روم خاص بدون قيف اواي لمدة ثلاث ايام\n20.4 M <a:6_:1220541190076895263>  Or 120 EGP <:vodafone:1220541303578951712>   Or 10$ <:PAYPAL:1220541029367676979> \n\nPrivate Channel With Giveaway | روم خاص مع قيف اواي لمدة ثلاث ايام\n40 M <a:6_:1220541190076895263>  Or 200 EGP <:vodafone:1220541303578951712>   Or 13$ <:PAYPAL:1220541029367676979> \n\nFirst Channel With Giveaway |  أول روم بالسيرفر مع قيف اواي لمدة أسبوع \n500 M <a:6_:1220541190076895263>  Or 600 EGP <:vodafone:1220541303578951712>   Or 20$ <:PAYPAL:1220541029367676979>**\n  \n  ملاحظات :\n  \n  - في حال نشر اشياء 18+ سيتم مسح اعلانك \n  - اعلانات الرومات الخاصة لمدة ثلاث ايام و مع منشن افري ون \n  - مسموح نسوي reroll في حال لم يطبق الشروط كل الفائزين ، تنويه : reroll مره واحدة\n  - لا يوجد ضمان دخول اعضاء \n  - في حال وصلنا بلاغين نصب عن سيرفرك مع الدلائل سيتم مسح اعلانك بدون تعويض\n  - يرجى انتظار اداري عشان اذا كان اعلانك مخالف لن يتم تعويضك\n  - مسموح تعديل الاعلان بعد شرائه بخمس دقايق .. اذا عدت الخمس دقايق ممنوع تعدله \n  - اي اعلان بخص الكريدت ممنوع | بيع او شراء \n  - اي اعلان يخص نظام ريوارد ممنوع\n  - اي اعلان يكون فيه رابط اضافة بوت ممنوع\n  - لطلب اعلان يرجى التواصل مع : <#1213228749500456980>\n  - التحويل لـ : <@714572286807638147>\n  - اذا قمت بالتحويل لأحد غير الحساب المذكور أعلاه فلن يتم تسليمك و لن نتحمل المسؤولية   \n  **",
  "seller_rules": "دي قوانين البايعين\nالقانون الاول\nالثاني\nالثالث",
  "general_rules": "1\n2\n3 سشي",
  "Staff_rules": "واحد 1 \nاتنين 2\nثلاثه 3"
}