{
    "Tickets_Support": [
        {
            "userid": "772207868152905788",
            "time": "<t:1743457300:R>",
            "claim": null,
            "transcrept": "https://mahto.id/chat-exporter?url=https://cdn.discordapp.com/attachments/1042876120166563890/1357886743822733352/support-54.html?ex=67f1d614&is=67f08494&hm=c8591e47321d77975d7b0e72d1a016fc7ddffe25bc43e93863120166ed1ecde1&",
            "Buys": null,
            "NameTicket": "support-54",
            "Ticket": "1356382964283473990",
            "type": "close"
        },
        {
            "userid": "772207868152905788",
            "time": "<t:1743815835:R>",
            "claim": null,
            "transcrept": "https://mahto.id/chat-exporter?url=https://cdn.discordapp.com/attachments/1042876120166563890/1357887919876079636/support-55.html?ex=67f1d72c&is=67f085ac&hm=cd482ce5ef4d720a9b595a69ce784404fca40538c3e514a91df68e6eeae612e6&",
            "Buys": null,
            "NameTicket": "support-55",
            "Ticket": "1357886768338436127",
            "type": "close"
        },
        {
            "userid": "772207868152905788",
            "time": "<t:1743816114:R>",
            "claim": "772207868152905788",
            "transcrept": "https://mahto.id/chat-exporter?url=https://cdn.discordapp.com/attachments/1042876120166563890/1357892499808456844/tesst.html?ex=67f1db70&is=67f089f0&hm=e1162b2fc99437540db9bf56e320b93e457cd248a1305bc190b395dc567fa549&",
            "Buys": null,
            "NameTicket": "support-56",
            "Ticket": "1357887941338337372",
            "type": "close"
        },
        {
            "userid": "772207868152905788",
            "time": "<t:1743817233:R>",
            "claim": null,
            "transcrept": "https://mahto.id/chat-exporter?url=https://cdn.discordapp.com/attachments/1042876120166563890/1357892850242682950/test.html?ex=67f1dbc3&is=67f08a43&hm=10ced295dda597b7dc46cd5848cd29e2541c7eb155baba0b1631f07b652373ef&",
            "Buys": null,
            "NameTicket": "support-57",
            "Ticket": "1357892631295955136",
            "type": "close"
        },
        {
            "userid": "772207868152905788",
            "time": "<t:1743817312:R>",
            "claim": null,
            "transcrept": "https://mahto.id/chat-exporter?url=https://cdn.discordapp.com/attachments/1042876120166563890/1357894173004660858/support-58.html?ex=67f1dcff&is=67f08b7f&hm=10ed0a16f279af8bab9d9f960be0f5e2f0a83dabcf64f13ca504c3ff3ed2c34d&",
            "Buys": null,
            "NameTicket": "support-58",
            "Ticket": "1357892964327751831",
            "type": "close"
        },
        {
            "userid": "772207868152905788",
            "time": "<t:1743817605:R>",
            "claim": null,
            "transcrept": "https://mahto.id/chat-exporter?url=https://cdn.discordapp.com/attachments/1042876120166563890/1357894700085936400/support-59.html?ex=67f1dd7c&is=67f08bfc&hm=db610d5e3298a87d605eb1fcd4e10835eec9a72ad531ecc64b23dcd506a36dba&",
            "Buys": null,
            "NameTicket": "support-59",
            "Ticket": "1357894195662295241",
            "type": "close"
        },
        {
            "userid": "786623112912437340",
            "time": "<t:1745402046:R>",
            "claim": null,
            "transcrept": "https://mahto.id/chat-exporter?url=https://cdn.discordapp.com/attachments/1042876120166563890/1364698738228068593/support-64.html?ex=680a9e3e&is=68094cbe&hm=65c410a9995113d1c1b55648e916921cd21b27f094b03f12964a76190dffd21d&",
            "Buys": null,
            "NameTicket": "support-64",
            "Ticket": "1364539824593440830",
            "type": "close"
        },
        {
            "userid": "772207868152905788",
            "time": "<t:1745668677:R>",
            "claim": null,
            "transcrept": "https://mahto.id/chat-exporter?url=https://cdn.discordapp.com/attachments/1042876120166563890/1375096868219916321/support-62.html?ex=68307241&is=682f20c1&hm=20ee101b8888513acd14c72d79826c85b967277db5915c17d85b16c0d5c5c7a1&",
            "Buys": "تم شراء روم خاص 7 ايام",
            "NameTicket": "support-65",
            "Ticket": "1367652815950053449",
            "type": "close"
        },
        {
            "userid": "772207868152905788",
            "time": "<t:1747919093:R>",
            "claim": null,
            "transcrept": "https://mahto.id/chat-exporter?url=https://cdn.discordapp.com/attachments/1042876120166563890/1383293097655402567/support-67.html?ex=684e4396&is=684cf216&hm=c349065c8c6ce3d8f5974bc8e657f9417fb0d2b8c29b5bc14dc5fde33df0d401&",
            "Buys": "تم شراء روم خاص 7 ايام",
            "NameTicket": "support-67",
            "Ticket": "1375097084687945738",
            "type": "close"
        }
    ],
    "Tickets_Tashher": [
        {
            "userid": "772207868152905788",
            "time": "<t:1748973309:R>",
            "claim": null,
            "transcrept": "https://mahto.id/chat-exporter?url=https://cdn.discordapp.com/attachments/1042876120166563890/1379518678223294514/-26.html?ex=68408863&is=683f36e3&hm=f81acdfd65cbc29d9513661cbe0cc81c456b012bf7203a32213c28072d8a3ec0&",
            "NameTicket": "قضاة-26",
            "Ticket": "1379518570459037837",
            "type": "close"
        }
    ],
    "Tickets_Mzad": [
        {
            "userid": "772207868152905788",
            "time": "<t:1748973341:R>",
            "claim": null,
            "transcrept": "https://mahto.id/chat-exporter?url=https://cdn.discordapp.com/attachments/1042876120166563890/1379521436133363857/-26.html?ex=68408af4&is=683f3974&hm=f28438a061fd8f5787d49231b8ae55c2ec4a0ed6b472106f0a8b75b5e6526b84&",
            "NameTicket": "مزاد-26",
            "Ticket": "1379518700092264621",
            "type": "close"
        },
        {
            "userid": "772207868152905788",
            "time": "<t:1748974007:R>",
            "claim": null,
            "transcrept": "https://mahto.id/chat-exporter?url=https://cdn.discordapp.com/attachments/1042876120166563890/1381031702809411726/-27.html?ex=68460980&is=6844b800&hm=d8570a8a51cec9c957c70eb74db9c0ee6170e63f69f9973a602adf879cebf6d5&",
            "NameTicket": "مزاد-27",
            "Ticket": "1379521494388052040",
            "type": "close"
        },
        {
            "userid": "772207868152905788",
            "time": "<t:1749334093:R>",
            "claim": null,
            "transcrept": "https://mahto.id/chat-exporter?url=https://cdn.discordapp.com/attachments/1042876120166563890/1383293130471768135/-28.html?ex=684e439e&is=684cf21e&hm=bd4f99645e5f67dae91819861d4d732a29f646dfbf48c77d4d261fa6a1ae020b&",
            "NameTicket": "مزاد-28",
            "Ticket": "1381031783939969085",
            "type": "close",
            "Buys": "تم شراء مزاد"
        },
        {
            "userid": "1374429878908227664",
            "time": "<t:1749353867:R>",
            "claim": null,
            "transcrept": "https://mahto.id/chat-exporter?url=https://cdn.discordapp.com/attachments/1042876120166563890/1383293141146140722/-29.html?ex=684e43a1&is=684cf221&hm=a7879b6a2347f2fa64f013ee8c50cfb87cf6d529f63f2b9d00eb277dcab3d6ea&",
            "NameTicket": "مزاد-29",
            "Ticket": "1381114725638869062",
            "type": "close",
            "Buys": "تم شراء مزاد"
        }
    ],
    "Tickets_complaints": [],
    "Tickets_Spin": [
        {
            "userid": "772207868152905788",
            "time": "<t:1748891968:R>",
            "claim": null,
            "transcrept": "https://mahto.id/chat-exporter?url=https://cdn.discordapp.com/attachments/1042876120166563890/1379177434938740960/spin-4.html?ex=683f4a94&is=683df914&hm=232baff36437f2c6422626ff01b9f36c36fcf1db734ba2199426940d0d068ccd&",
            "Buys": null,
            "NameTicket": "spin-4",
            "Ticket": "1379177400956485774",
            "type": "close"
        }
    ],
    "Tickets_Waset": []
}