{
    "Points_Kdaa": [
        {
            "userid": "860318175421530132",
            "point": 0
        },
        {
            "userid": "888456281264898049",
            "point": 0
        },
        {
            "userid": "1004895478569259079",
            "point": 0
        },
        {
            "userid": "772207868152905788",
            "point": 1
        }
    ],
    "Points_Staff": [
        {
            "userid": "860318175421530132",
            "point": 0,
            "Warn": 0
        },
        {
            "userid": "1004895478569259079",
            "Warn": 0,
            "point": 0
        },
        {
            "userid": "772207868152905788",
            "Warn": 1,
            "point": 4
        }
    ]
}